User_ID,Followers_Count,Post_Type,Post_Length,Post_Frequency,Likes_Received,Comments_Received,Share_Count,Engagement_Score,Popularity_Level
USER_DOOmYVNoPT,121958,Reel,12,22,4008,3606,629,69.40174141,High
USER_UBUoVKPwlU,671155,Reel,87,13,2466,276,1884,18.2751166,High
USER_7ewpg8Pc7c,131932,Text,524,21,2282,60,1198,31.90450743,High
USER_HKyliiAzoa,365838,Memes,909,16,1856,3390,75,41.55140631,Low
USER_QkHPAESHny,259178,Text,537,28,7980,1913,1636,90.80150894,High
USER_0Ucj5WwPio,644167,Static Image,301,2,1998,3927,925,24.25782661,Low
USER_UM3NXyOmpJ,110268,Text,243,11,5476,2591,1686,9.130880254,Medium
USER_13TAJ25LBV,732180,Reel,122,10,9428,566,399,31.8689604,Medium
USER_get60eJ6es,54886,Text,147,15,4669,3935,1805,10.46759705,Low
USER_5bEDZMTFqr,137337,Memes,567,17,9342,1571,969,12.8596486,High
USER_e2rrynyGeq,999890,Carousel,750,8,4318,4717,1094,57.3850598,Low
USER_a6zWJLJPio,521430,Text,356,18,7064,1200,1203,6.09019331,Medium
USER_0in97yUU5d,954698,Memes,685,23,7446,4409,1147,3.093088139,Medium
USER_q7QfM8sbHh,87498,Memes,904,9,1431,2854,1404,71.44141015,Low
USER_68jfAWbbCf,899159,Reel,733,25,5624,2895,1316,36.16470948,High
USER_RUdQIaG9re,912756,Memes,631,8,7461,1236,796,12.53753492,High
USER_WZRl7Klwgr,175203,Memes,309,27,1819,136,194,25.36127709,Low
USER_GNTUN0f5E6,191335,Memes,695,14,1130,1029,1934,64.20865074,Low
USER_s0VZuoJQNC,278167,Memes,288,28,6563,2156,227,27.55365671,High
USER_6NRwyIvQOd,41090,Static Image,307,26,2658,2594,1454,49.45211251,Medium
USER_wd6xebRka0,329365,Static Image,812,25,3500,661,1965,12.16953067,Low
USER_WwaZepO4iL,64820,Reel,594,18,8566,2472,1459,58.80936376,High
USER_zPP6zlI5rc,787201,Text,966,22,2120,2677,1810,31.60776838,High
USER_CZ7poekJip,321879,Memes,914,20,4020,2308,460,62.69684345,Medium
USER_jO7JBuyqJf,718315,Text,723,30,3259,86,617,80.83948823,Medium
USER_P2mHIVa2D4,327069,Text,662,20,1823,2512,1044,61.16464194,Medium
USER_YgZcrxcWKH,776997,Reel,549,21,1474,2942,63,29.57475626,Medium
USER_TffilJZGCY,199041,Memes,352,12,2242,2773,164,25.57437015,Medium
USER_2k9MY31E9B,791743,Memes,312,19,3243,2504,26,32.74209587,Low
USER_TrmAMAJxEr,103355,Carousel,873,14,6990,3310,1334,16.46205132,High
USER_Hm2a9rUSFu,235796,Text,59,17,5160,1700,1011,18.11718509,Low
USER_vMUIJD3Q9Z,214176,Text,643,24,3134,3670,284,79.06911019,Low
USER_jRn0O6GbTh,184779,Static Image,924,21,2070,2700,1683,38.47325765,Low
USER_U9pazzu6ng,347449,Carousel,714,3,359,3629,280,43.59951806,Low
USER_dObwoRBZxS,421909,Static Image,755,26,1141,4590,837,59.40494656,Low
USER_J2GzKONXUo,989436,Static Image,35,30,1635,1647,830,58.96534952,Medium
USER_GdnGIikdRB,258795,Static Image,445,23,4000,3318,1187,6.737687152,Medium
USER_8hhrtDs142,486232,Reel,93,7,3361,3687,1921,83.15407863,High
USER_Mixgg6SDd8,917040,Reel,950,17,6583,596,917,17.73265532,Low
USER_h0crS3TpIS,500186,Static Image,959,12,7835,4545,223,72.3071636,High
USER_iXlEMg9ZxQ,156730,Carousel,207,9,6,484,783,77.26709881,Medium
USER_O2OjujcYWg,870910,Text,353,15,3267,645,1169,71.48995341,Medium
USER_iTxSNZUpbJ,384681,Carousel,903,18,6564,3089,964,57.89776466,Medium
USER_MJi87et2Nd,149503,Memes,332,21,9783,4757,949,1.460899711,Low
USER_oFDMnJaK6h,654811,Reel,817,13,4928,4853,1891,36.03754924,Low
USER_gac19anJmA,527035,Text,862,30,2606,4384,1053,60.48394294,Medium
USER_eeOcJBS5hh,648143,Text,725,21,5906,720,44,38.74512959,High
USER_B32wZLKIeJ,452366,Memes,159,30,3273,4733,1810,86.34798949,High
USER_bFVZ9gdV1P,65725,Memes,954,8,7611,498,470,30.88022753,Medium
USER_g5f9Zq4HXh,129981,Static Image,957,14,913,4729,33,29.35347925,High
USER_1bqDDMDO65,84654,Reel,24,8,2011,1673,652,26.59976931,Medium
USER_Vl2ciL8fdP,953277,Reel,404,14,1442,3067,1450,33.2780869,High
USER_0na40ODwTz,905778,Carousel,805,7,5546,114,829,55.74049643,Medium
USER_cAzJn40UU9,591723,Static Image,516,23,1829,2979,1909,70.70152943,High
USER_P7QtuTFf2R,319030,Static Image,732,12,8767,4769,220,66.25679177,Low
USER_4lya6pbH5n,328947,Static Image,364,11,6468,1736,1891,80.771782,Medium
USER_vWGshvhZmn,555839,Static Image,382,22,929,3611,533,88.59139955,Medium
USER_PrsszgZZIO,902648,Reel,532,22,3699,2253,691,81.60790423,High
USER_ERz8WVQVkO,273538,Reel,956,11,9655,2294,1971,1.894540337,Medium
USER_44k4nFNKbl,331236,Static Image,152,25,1054,3630,1390,73.59179536,Medium
USER_OClcTvlCEc,528178,Carousel,562,22,5744,146,931,20.83995736,Medium
USER_6ZlDYEaH58,565894,Text,689,28,1900,3982,840,13.29280427,Low
USER_Ll5n75Pghw,489492,Text,947,29,9649,3453,1766,63.84887848,Low
USER_Yqx9llGmsN,256840,Carousel,608,13,6980,4507,1010,31.97431954,High
USER_xoJ6RGgk78,473254,Static Image,617,18,7069,2410,1938,5.711716337,Low
USER_ZOxf3hoL4D,349457,Reel,420,2,9591,136,1573,13.76297344,High
USER_ibKHu6Qq88,665987,Text,250,29,3415,3360,581,0.092941687,Low
USER_z360GpTlWg,270936,Memes,117,21,442,3005,1139,90.32236273,High
USER_UBpNqdbHzC,239931,Memes,866,15,6218,3552,238,2.461798384,Low
USER_d5xuCn0KFw,239629,Carousel,512,20,4652,18,1358,20.94557695,Low
USER_q1aOifaqfk,205041,Static Image,740,27,7939,2242,440,41.62627807,High
USER_iMcXc4OSLB,698361,Text,578,18,7833,448,147,35.6571326,Medium
USER_dGpAcXF7l5,731912,Static Image,335,15,9370,1948,1032,91.17258769,Medium
USER_wXH4rGd4e0,417113,Text,418,19,7597,945,1311,4.028894573,Low
USER_Lg7USMIP14,68148,Carousel,932,23,4458,4236,387,51.22147077,High
USER_b4LlMIPXaJ,777089,Carousel,774,24,6591,1920,1073,68.04794625,Medium
USER_4DjbFKAg1s,648531,Memes,295,12,9449,2977,1873,93.16979737,High
USER_XQz1yXUxQS,251995,Static Image,938,13,2309,4188,1540,62.03712521,Medium
USER_rubvDXGauI,906606,Memes,755,22,6268,4015,915,80.3755236,High
USER_GKLg4XxIUV,678843,Static Image,371,11,910,238,1878,8.372493785,Low
USER_puN6FM5FRq,910790,Memes,186,5,4340,204,637,38.59395109,High
USER_LSeUSpg4jH,572843,Reel,246,29,4009,2607,1610,37.39471345,Medium
USER_xMEYuTHr10,256508,Reel,637,1,6628,4340,1700,88.62882165,Low
USER_ad6UvGHGDP,803591,Reel,268,24,2169,4927,277,15.13711713,High
USER_V0C9SsxHQy,896942,Reel,643,3,2172,3388,1977,15.18861723,Medium
USER_8w05Cjgbkw,106530,Text,237,22,5668,2972,1859,32.85581499,Low
USER_fVaTSzna4L,604365,Reel,530,19,6313,4390,988,5.446604737,High
USER_CfsDMqgfoP,822352,Carousel,552,23,8315,2687,1323,18.24580407,Medium
USER_qDwiHbXEH0,460337,Carousel,21,29,8036,4951,1825,96.52096385,High
USER_TQaBXb30ei,724839,Text,911,30,6789,4166,588,42.81839399,High
USER_yxNWzQS5yS,805889,Reel,737,7,785,1348,1833,63.20192084,Low
USER_gaQI85VZCq,459773,Reel,867,12,6139,4400,648,72.61112593,Low
USER_pl9tWpdFY8,208261,Reel,794,15,6344,816,617,36.6961407,Medium
USER_Nnx39TTwfi,764469,Memes,520,25,2416,820,1630,14.72270744,Low
USER_1syLn5kstC,341097,Static Image,100,5,8988,192,134,20.65810162,Medium
USER_RPlrPpLQcf,315139,Memes,752,15,4154,1776,579,31.32664766,High
USER_Qmc813DiTb,171829,Static Image,478,8,5619,3645,1170,63.60684204,High
USER_VGnBKWG2M2,271836,Reel,599,10,1936,4624,489,39.82805491,Medium
USER_The9eJeNrB,438974,Reel,298,26,3807,250,477,0.68146979,High
USER_TucyJWQzW2,989913,Memes,940,16,7151,1788,1182,52.34071851,Low
USER_LR3IvaNpP3,202283,Memes,526,8,9493,3700,383,92.15133919,High
USER_liFZwS2n5o,196769,Static Image,334,1,3236,2463,162,81.2077611,Low
USER_cCvWSBDpB7,561353,Carousel,2,12,2352,1167,440,82.52113713,Medium
USER_jLa01uObIr,223165,Static Image,375,5,1932,3893,1876,79.50580176,Medium
USER_pHxUonDmVv,623587,Memes,293,3,8556,1096,1212,32.37308256,High
USER_xc2dfAHOJs,950110,Memes,837,1,4916,2679,414,76.51938338,High
USER_ELBFavHXyT,535822,Text,934,4,5498,1847,1362,14.31613578,Low
USER_4cUF0T7tBJ,487879,Memes,553,8,946,3904,1630,65.77161473,Low
USER_JDzqaS1fiG,564685,Text,318,3,9569,504,1204,64.15685667,High
USER_ZCSIt7nnRN,782038,Carousel,502,10,1439,1621,287,2.556979909,High
USER_njaBxrI1JE,353531,Static Image,828,2,7730,2472,1857,78.79701336,Medium
USER_SCBFwvyAF9,263160,Static Image,381,11,4857,2546,186,90.32481051,Medium
USER_D0D0RIgMyZ,579879,Text,623,25,340,1387,1907,26.74152785,Medium
USER_REvkMljBcA,220884,Static Image,14,10,382,2994,1161,81.23907242,High
USER_nzU9paBlwi,23247,Memes,504,21,9748,3816,129,8.240597186,High
USER_bNHfrR19Xx,24300,Reel,231,14,8491,717,193,59.99678583,High
USER_yhkJcDvVA2,467281,Text,985,7,138,3484,315,48.56468653,Medium
USER_Zxwfnc7L1a,607086,Static Image,84,27,358,4434,1808,54.59235333,High
USER_xED5tgtsrR,533556,Text,130,27,4931,658,1887,92.62052019,Low
USER_nCXrL8cAnP,348951,Text,743,2,9714,4008,143,87.13152472,High
USER_pBwgHF4rXe,274329,Reel,838,9,3456,4524,15,78.50836572,High
USER_z6MLFu6zQy,719064,Memes,145,16,1627,4994,1325,27.36984577,High
USER_JDTfGUf3WZ,742139,Text,891,13,9495,4234,422,91.18186287,High
USER_cMcNaPYcGu,432315,Static Image,857,9,6626,3764,244,9.750769246,High
USER_1dk29r8ADa,926075,Carousel,28,20,5004,2989,926,85.33292166,Low
USER_3kWL7ojKOY,516588,Text,66,4,9326,4637,1130,32.81600724,Low
USER_f4YJVgReUx,236584,Text,163,22,6652,2104,1111,5.377231166,High
USER_nDTzt3kfvn,562332,Reel,229,10,6416,1255,128,66.93569842,Medium
USER_faU1LfH60e,837646,Memes,261,26,3170,2482,906,23.12799283,High
USER_oAwPPld6Kr,978732,Carousel,449,26,3835,383,886,24.35711259,High
USER_YUs30lHNn3,376896,Static Image,424,22,8017,2607,340,30.60471662,High
USER_OsxvyxdYDe,48984,Carousel,460,12,2151,193,3,6.36847675,Medium
USER_7nJFVUFmhs,302918,Static Image,952,17,9429,3807,1350,17.71271442,Medium
USER_IvsHD5cPg9,264712,Memes,676,14,6905,3719,1433,0.513962759,Medium
USER_m67QLscnp5,120151,Static Image,301,14,2834,2581,1902,44.54095211,Low
USER_3d9AEnOsM7,455808,Reel,919,25,9190,2565,305,8.425537742,Medium
USER_DrayP6M1CE,985067,Reel,303,2,2567,2763,907,68.2652605,Low
USER_iRUeMpJRxC,133767,Reel,287,21,1307,2798,606,23.56228512,Low
USER_0BER94zSaM,648663,Reel,395,25,8848,2339,1744,94.3574144,Medium
USER_vJ7xmr3jb2,703550,Carousel,10,20,2660,3406,1248,87.12516274,Medium
USER_AKryUcVWOx,136330,Memes,707,11,3730,731,1994,28.9440895,Medium
USER_gknxayaNwL,480754,Static Image,630,16,6207,2872,1371,78.32154547,Low
USER_85FjYoaHa5,301648,Static Image,270,19,3162,3120,991,80.32449047,High
USER_FP5qpL8knP,688519,Reel,592,23,1140,4780,320,98.65631141,Medium
USER_UsSevhBam2,13986,Reel,970,6,8458,4177,558,59.78399868,Medium
USER_BIWF11IoLW,586146,Text,605,24,1708,2604,1204,8.196573464,Medium
USER_DL8iLQYNrW,129312,Memes,778,19,3630,2382,617,64.68372289,Low
USER_YvkzIfVKCq,12666,Carousel,844,5,3211,531,710,62.49797484,Low
USER_iuzkHbXE8T,300804,Static Image,862,26,6538,4316,1409,63.83505774,High
USER_maEScFLfwx,134633,Text,361,4,9702,634,1641,30.71456481,Medium
USER_BpuVEB99pO,288998,Text,257,15,475,1769,1815,85.96795851,Low
USER_yZzBQ9qQgE,850937,Static Image,133,29,7684,3804,1795,95.9472183,High
USER_D5VXp8Vv8v,628776,Carousel,276,4,9168,2370,1131,21.7712513,Medium
USER_1IWnZf73h6,707611,Text,776,20,1207,2,530,8.815215814,Low
USER_St495S148i,284806,Text,683,10,1960,205,409,19.45350332,Medium
USER_pxe9QjiRvP,794824,Memes,972,24,557,4135,1994,82.05521393,Medium
USER_TRgmsDHEyG,30535,Carousel,513,22,882,2621,1319,67.66446348,Low
USER_PfLnMvxCPS,996107,Text,313,3,4761,4739,817,63.60473423,Low
USER_DOg2q1iF9O,375713,Carousel,576,26,5867,2890,1194,40.17931351,Low
USER_hZvytPlCOx,838688,Static Image,886,5,6963,3193,1354,57.78279715,Medium
USER_RupDLVxXlH,351279,Reel,980,6,7166,2666,492,30.78741253,Medium
USER_LAtBwk8c35,913910,Text,284,21,7929,3306,1218,47.72000794,High
USER_JjjknDQw1K,821654,Memes,121,22,5347,897,11,79.30630284,Medium
USER_Tc0BhmGcd6,601661,Static Image,107,8,7269,1085,194,98.12415975,Low
USER_qJEaDBRKbP,997079,Carousel,933,7,9802,1279,489,93.24889236,Medium
USER_FKacAieV1D,647972,Static Image,687,21,8125,670,794,93.38659428,High
USER_XDMseLdln7,489570,Text,997,10,2454,1505,880,40.22237348,High
USER_RTGRScucSh,456551,Carousel,204,6,4494,3575,181,46.87898805,Low
USER_5cgIG4Exc0,273109,Reel,165,14,1946,4814,961,70.56353964,Low
USER_5ZR0Tey7Bt,24538,Static Image,305,4,2808,1955,1840,92.21919281,High
USER_ZgGrSsBqPD,894498,Text,497,28,6642,249,655,14.19942594,High
USER_XvP4chy92k,201664,Memes,632,25,3825,1892,1921,30.42418638,High
USER_i6DWElLqa4,491234,Carousel,556,13,3536,3439,1339,13.92468446,Low
USER_gR68OiAnaj,899684,Static Image,824,20,6068,1853,693,61.200853,High
USER_Bi3GNuZZVC,139182,Static Image,156,17,3802,2854,29,30.63009969,High
USER_Hvuix2986C,472525,Reel,367,23,4699,1503,1619,32.61078525,Low
USER_G7Peuklpbx,158338,Reel,719,7,1970,3385,1701,7.091595949,Medium
USER_rsArkf7krP,184064,Memes,902,4,5806,3571,1819,34.97960618,Medium
USER_rFqrXnoDaC,214020,Memes,620,29,6142,3792,1816,86.24965074,High
USER_dh3WCmJbex,623094,Text,251,14,2819,3426,1119,23.30728119,Medium
USER_vmFqaVBacs,924414,Text,957,3,9094,43,1404,69.51874662,Medium
USER_bna0GmImBE,897421,Memes,916,24,364,3612,777,62.96283449,Medium
USER_IrRwCT2zIH,615270,Memes,882,5,4258,2618,443,86.34846084,Medium
USER_cX6daG2j6Q,645914,Carousel,334,16,3119,4678,297,13.22879477,High
USER_Pu7EmTYkgv,119176,Reel,642,26,1863,3163,807,97.75899603,Medium
USER_Ln8KP0nrWx,917710,Text,969,23,115,1288,1760,58.2628646,Medium
USER_vcxlvCyekn,218126,Reel,511,20,7084,2942,844,99.54741523,Low
USER_5jvZTyVio6,218969,Reel,293,4,8016,219,1015,91.15147259,High
USER_w1ouAAkF6t,122409,Memes,20,24,2384,1925,1384,22.15172721,Low
USER_E6wJIREitt,547707,Carousel,282,30,3935,2972,1397,5.61620099,Low
USER_Y8eqeIdq9q,968140,Static Image,797,24,7742,3513,553,25.56390938,High
USER_wRek6ahbqb,253618,Carousel,1,2,5442,2448,302,52.7563649,Medium
USER_wGnj3hrdSU,769598,Carousel,119,30,2490,3471,420,17.15963671,Low
USER_I4Xm15J1KH,50015,Reel,35,18,6980,2774,1269,16.74597445,High
USER_Lh5jDsS5dy,772838,Carousel,198,19,9134,990,1743,46.25935471,Medium
USER_f865vndlSa,122096,Text,485,28,7661,2946,1260,3.326797117,High
USER_QtFblBReRy,631347,Reel,757,28,1724,1812,1557,12.18880825,Low
USER_rWWOXHterG,185340,Text,59,19,8182,4953,184,41.58613394,Medium
USER_rrsJntJEjn,110687,Static Image,837,17,2767,803,467,6.312990921,Medium
USER_Q15tmFxsZK,874371,Reel,161,14,1137,489,753,39.67550565,High
USER_yKWRZluNZr,411357,Static Image,691,19,4117,3556,362,47.40062659,Medium
USER_5VIMgAzx9h,735716,Reel,206,22,3420,1493,1306,45.12666141,Low
USER_5ICBVpqjkT,105878,Memes,12,24,5845,3645,1576,86.91748574,Low
USER_LBVjCQL5AC,727270,Carousel,490,13,4778,2891,335,53.00624551,Low
USER_FtBSNW0pxh,973548,Memes,276,12,3906,1705,161,46.79804625,High
USER_KGNgcFwS8U,198286,Static Image,693,30,3637,3516,1183,41.07092454,Medium
USER_mJYdg8FpjG,773290,Carousel,242,26,2953,3340,1497,81.76233783,Medium
USER_ZCRNghJvGX,774684,Reel,216,6,5929,53,1624,89.5056604,Medium
USER_JDWm8O9MN4,164899,Carousel,251,21,276,2575,1345,85.32424692,Low
USER_iZrpx9DiAh,973324,Text,811,4,1999,3591,11,67.35465781,Medium
USER_VH2VUq1VIo,324767,Carousel,126,19,1227,615,1447,13.7361746,Low
USER_zPmbFrbUC9,999238,Text,994,16,6337,954,1096,27.68699695,Medium
USER_ZAUdz4NaBL,861882,Carousel,217,13,3735,2433,587,4.606306368,Low
USER_7xq3TMBWAM,879858,Text,306,4,695,1629,1881,93.0824075,Medium
USER_mdrJcFzveN,379989,Static Image,797,30,9501,2781,200,66.07985297,High
USER_GThdDr1knP,415515,Memes,185,23,4152,649,521,74.63628843,High
USER_HDxPedq4t8,43585,Reel,39,17,7901,2347,1887,31.15717396,Low
USER_cNXobSGAmS,371369,Carousel,223,23,7470,4490,504,84.56535223,Low
USER_syKWJpeKYM,64044,Memes,184,1,7537,3278,1761,25.96032837,Medium
USER_Zv9QfXLg7m,960061,Reel,495,18,2841,2640,1711,0.164375711,Medium
USER_WqFclBx1cy,442296,Reel,427,20,4208,3801,787,37.64149625,High
USER_4IkY95nR7T,109556,Text,178,17,8733,2561,1062,57.0761481,Medium
USER_ksnbgBdEg8,526981,Static Image,919,27,1088,3249,59,47.8704858,Low
USER_nJRgdYWu98,881691,Static Image,428,28,3363,370,577,86.20761426,Low
USER_QmSKFTcFHR,767595,Memes,294,27,24,857,320,10.5405286,Low
USER_wHWCSXEWl7,200235,Static Image,852,15,9764,4886,1458,55.38234406,Low
USER_anxBy2KfXt,25939,Carousel,151,11,6144,4753,1659,51.29793498,Low
USER_O3GEmtOAbj,966429,Static Image,384,25,5668,383,1699,28.13929822,High
USER_s3RB5L0Dtn,960445,Memes,638,28,4236,3877,1431,82.22281126,High
USER_088v2ZQn8v,152906,Static Image,813,22,9959,2552,922,75.28486559,Low
USER_j3RMvHnU9e,542335,Carousel,308,13,8068,4334,1409,73.28591873,Medium
USER_zSWUhVKxzq,288249,Text,336,1,2235,4290,1694,87.61924783,Low
USER_diZRRRRtS0,75766,Memes,946,17,7295,2725,568,72.27846006,High
USER_HH29ZJpNkJ,408923,Text,746,6,8392,4034,1101,23.18412917,Low
USER_enfP6X8ItY,415192,Text,892,4,8448,3293,1217,70.55627116,High
USER_ElTpJX4st7,568550,Text,375,20,3747,4251,1308,30.77028134,High
USER_3nIvwr9YgZ,387261,Reel,8,16,3175,3988,526,24.21746503,Low
USER_YqB79PLAw5,810208,Reel,341,15,4897,922,523,7.30035929,Low
USER_FFzDxyNfW3,685440,Text,129,27,5037,2915,612,74.40285803,Medium
USER_LQSMwHXf3w,652664,Memes,776,15,7427,2950,1179,71.10009619,High
USER_hIT3PfJSvp,984346,Carousel,669,6,8605,3046,1363,23.44994777,Medium
USER_450Thg3qWP,454589,Carousel,352,15,2014,974,124,74.93790167,Low
USER_YEsblnuP8r,137848,Static Image,358,14,1381,1230,870,91.78408831,High
USER_IzGVRXFYSz,617075,Memes,517,28,1098,2435,279,10.80289575,Medium
USER_0LJggYh4Z6,127948,Reel,495,11,3426,1814,916,23.26366384,Medium
USER_oHDYbdobyT,579304,Text,86,7,3655,2934,1929,75.02607941,Medium
USER_F4OeoK3vdB,402690,Static Image,175,9,7938,4933,621,27.45066735,Low
USER_1Dax3BTXCF,499046,Carousel,802,26,9101,1363,845,62.46639743,Low
USER_vVKsXJcqsy,451269,Reel,193,16,187,3940,1892,8.116422446,Low
USER_X54pg9kbr6,21959,Reel,311,5,5409,203,1681,45.22024791,High
USER_JM7b4P2vfK,660890,Text,119,25,2092,160,1751,73.9091422,Low
USER_DsQ8BoLphs,750216,Carousel,218,20,2130,4487,1933,68.6513943,High
USER_UJTgcUaaeb,905533,Memes,427,29,5242,768,673,81.50721007,Medium
USER_WeADsDeMPb,790180,Reel,970,10,8549,3748,1151,87.74521266,Medium
USER_IX9ed5tooC,228576,Text,414,18,5647,2581,313,77.31835013,Low
USER_vLrDSoIATg,537833,Memes,114,3,5185,1093,331,67.15877429,Medium
USER_ULKkuiozp1,914091,Carousel,978,13,5776,4500,1173,3.172249182,Low
USER_JoPDVEuGMO,983703,Reel,145,11,7913,607,1477,53.49666734,High
USER_CftaCrG2ia,165838,Memes,538,17,7547,1540,35,3.769772491,Medium
USER_U4EvP1ZDW1,335674,Memes,648,30,7823,2875,1708,80.80678171,Low
USER_Gq1qyqsvrj,879989,Memes,303,30,7355,3191,1443,32.07245245,Medium
USER_ici3JpUQ5v,61087,Reel,744,22,6465,1837,1045,56.24293741,Medium
USER_ulneOE6LYF,593128,Reel,881,13,1497,689,205,27.94453073,Low
USER_kCcY8k5eO3,118451,Static Image,588,6,2555,3759,638,78.25001444,Medium
USER_7ZWDTtBmV2,447600,Carousel,987,17,5409,2949,847,88.65025266,Medium
USER_Hx2MK1ICMG,837437,Text,840,27,2951,2103,1980,39.86424942,Medium
USER_8MwnyPefwn,439792,Memes,345,13,1238,365,1379,86.29223935,Medium
USER_Q4rBZoAXdQ,39353,Static Image,814,19,9165,3575,439,26.70750075,High
USER_jXc7ZzShet,193075,Text,964,21,4727,4550,728,53.46609231,Medium
USER_WPjcpWAX83,214283,Static Image,801,19,3965,4199,1119,85.87614298,Medium
USER_ZhBccNpn2s,314877,Reel,1,10,5686,4172,1952,32.58813426,Low
USER_zNnVOC4sUr,65318,Memes,147,3,9242,4325,940,95.40422651,High
USER_dFRFrfzNiQ,765313,Text,287,14,3701,2378,163,12.18795018,Low
USER_pMJ1llIoYd,482690,Text,976,26,2780,1205,147,1.827506972,Low
USER_CW9ePeLfBK,416880,Text,654,19,7398,4988,1553,90.41353526,Low
USER_BLuQQKP6mZ,591460,Text,53,5,1588,3839,293,6.864866615,High
USER_VimHFLL7kb,740976,Text,304,29,2368,2735,194,99.18891959,Low
USER_wZD7CR9IJj,781239,Static Image,69,5,5789,3347,662,95.1396862,Low
USER_QTpnXR63BV,93264,Memes,361,20,436,1675,479,13.702091,Low
USER_e0svTxgnej,770746,Reel,602,17,2828,298,1900,53.75846257,Medium
USER_WjR7djN3LV,813168,Reel,958,21,1556,956,122,18.49202975,Low
USER_sb3pTdpTnU,225281,Reel,220,10,7570,1114,1423,42.8155173,High
USER_0vJ9DswZUQ,637147,Reel,962,5,7480,2505,698,6.142512926,High
USER_4jHkeYzPCt,898613,Static Image,704,4,9496,1474,964,22.39245878,Medium
USER_kK11gTA7wE,394070,Carousel,966,6,182,4460,1475,36.32727964,High
USER_2uHVNUruq1,352228,Memes,575,26,7190,4446,660,43.86475002,High
USER_C6z6Tw43KF,431839,Text,585,4,6687,3726,1127,97.74962582,Medium
USER_kTKkrOKkZN,269536,Carousel,161,30,5565,3471,1778,80.78656457,Low
USER_2aGEZBdtG6,317824,Reel,681,7,7241,2828,1485,73.74099443,Medium
USER_wbUPbczYcG,257426,Carousel,89,7,7651,2850,1766,53.70413147,Low
USER_B9lkhrHY2j,177789,Memes,688,18,5575,2506,1741,83.99977606,Low
USER_XcExOwPg4u,513153,Text,781,3,1589,3770,709,33.93228357,High
USER_gqpJyCB6Ui,742452,Text,585,1,9779,2964,395,70.88991128,Medium
USER_odp9TCUzfv,837291,Memes,757,24,8851,4594,911,99.37839754,High
USER_81cHEQqSrw,125657,Memes,589,25,159,949,1360,31.46289089,High
USER_GlPi7Pk02g,235167,Reel,159,4,6555,4603,1004,67.40175349,Low
USER_MH9ECKXF7s,681669,Text,489,6,9203,2850,1622,84.43148642,High
USER_ku3Z1zIHhq,480671,Carousel,971,9,8244,165,1165,91.58075834,Medium
USER_bQKHG9SHNf,719094,Static Image,324,22,6846,3486,316,71.79326909,High
USER_d3yQFdu9o5,70467,Static Image,610,14,2307,2509,1734,28.36079234,High
USER_QBpANpglOg,183734,Memes,381,28,1228,919,1581,32.62821516,Low
USER_bNv4L1d9fb,622794,Reel,102,12,7226,113,1823,2.075803212,Medium
USER_ge6nqTtjSd,109751,Static Image,494,28,5590,3504,1550,76.08859777,High
USER_QaskQZGKxI,381050,Text,644,25,6919,991,1579,4.273960606,Low
USER_TE4ncbDP9U,930192,Memes,614,20,5585,3839,1424,86.46523546,High
USER_hBD7HyqwdP,811774,Carousel,19,24,9227,1258,680,11.86606145,Medium
USER_RM5pv9x3YB,692517,Memes,454,25,6046,3426,1333,17.18765121,High
USER_Ttno9QVt7A,461079,Carousel,482,4,4945,514,494,47.65264708,High
USER_syNUMqWdBs,368452,Memes,594,21,7927,4804,555,73.78804152,Low
USER_R8n4yvcFEo,969587,Memes,397,30,7016,3196,609,13.90022052,High
USER_MjpcBzqhaX,106081,Memes,279,24,7758,4434,1796,44.00710751,Low
USER_NS2t6TL0sX,983237,Carousel,851,12,5086,2584,108,48.28512744,Medium
USER_gQlmdse4of,613333,Carousel,365,10,9456,67,1818,21.22856417,High
USER_ApwI4yn843,558986,Memes,331,30,7161,1596,371,11.55583767,Medium
USER_JtE56Q83Rb,110078,Static Image,641,22,1884,4478,854,83.6420923,Medium
USER_aw2GyrcT3B,867055,Reel,344,28,1809,18,615,50.24656498,High
USER_6GEUCSvlcS,22671,Reel,822,7,3167,2730,767,1.438123598,Low
USER_hmuL6YYmNU,418400,Reel,455,3,6352,3521,1914,80.29813013,Medium
USER_pD7GJDCIBN,355528,Carousel,601,23,9009,572,205,98.07938054,Medium
USER_VUgUwVYnl4,959611,Carousel,725,28,6056,2258,846,60.59261954,High
USER_xYvDT4SyTl,610490,Static Image,655,14,2437,2902,42,50.37083871,High
USER_Gxwb1OG7s5,51663,Reel,65,24,6468,650,864,87.8415863,High
USER_oRFg64vXxV,15708,Reel,76,10,9080,2587,1268,95.25167897,High
USER_ccWAmBX41Z,878338,Memes,711,16,5951,3262,1310,75.45369159,High
USER_tPlBsG7gWT,311955,Carousel,143,16,5276,1338,1378,44.54529297,High
USER_BkKpwfz0cR,133883,Reel,917,22,8859,4996,784,59.22213993,Low
USER_5FxIIlsKlg,318394,Static Image,915,10,7818,3634,475,70.0935365,Medium
USER_DYWKO5V8dD,112547,Static Image,828,25,4728,2827,82,19.4273571,Low
USER_IOaeOEB8NY,989586,Reel,605,13,2624,2217,1133,44.72010322,Low
USER_t2SSCrUotw,910681,Carousel,473,6,5738,3539,1973,82.98212647,High
USER_tl5H8M82Aw,559042,Static Image,417,12,4232,1037,189,65.47253485,Medium
USER_1eGV2puwOt,751102,Memes,305,9,5793,4383,799,41.12040672,Low
USER_cqV9Ccdfty,762002,Static Image,736,13,4523,3978,935,66.3362534,High
USER_XefZ8M5BWn,142483,Text,497,4,5571,2961,1932,11.82224121,High
USER_ulm8N6IB4V,658271,Text,291,24,9010,3226,250,40.14976106,Medium
USER_sorqPqHPzF,984774,Carousel,940,11,9298,1098,1747,79.3128538,Low
USER_HmaOnfheyl,214835,Reel,102,20,2224,2324,290,22.05087871,Low
USER_GZBfPOA651,401896,Carousel,986,18,8389,939,1668,18.59615076,Low
USER_4HqA3ztYH3,84896,Carousel,267,26,6091,3716,1224,95.08186599,High
USER_ESMptZlmTS,477095,Carousel,867,11,8662,3414,1820,20.98976296,Medium
USER_DhJCctyBuR,71295,Carousel,968,25,6361,1448,325,26.09185797,Medium
USER_S6NLH3LyU5,743974,Memes,622,21,1948,570,1534,96.96159389,Low
USER_G1Lcinh8l1,887121,Memes,974,4,7094,2904,1432,73.47085703,High
USER_dvsPo5wxy2,273255,Static Image,842,18,6318,2505,1630,69.9596533,Low
USER_8583jkiZH0,299648,Text,962,1,3796,917,1813,85.29263839,Medium
USER_nnbydQPtdg,657162,Carousel,942,27,234,1874,1985,11.58230822,High
USER_7xDzuXeTpS,8155,Static Image,777,7,9120,4928,1964,70.59562366,Low
USER_sxTBmG1XZv,466872,Text,3,6,3607,1678,836,50.36886093,Low
USER_Ov1dWUPQ5N,825816,Reel,85,15,8043,615,507,82.91506403,High
USER_qntca1Z9KQ,374705,Memes,794,18,522,4501,730,50.81417187,Medium
USER_DK4iWVr2nx,571542,Text,328,24,5904,1749,1624,62.02413543,High
USER_UQIH9YbJPk,808350,Reel,816,11,4888,3825,71,47.77421264,Low
USER_EW3uOlm8LE,610269,Text,450,20,9821,4188,1270,47.81589236,Low
USER_qxkW0NwvXN,978217,Memes,454,24,5832,2477,640,76.79699781,Low
USER_skMj9JWRgx,554594,Memes,924,15,7122,4749,1747,62.85664006,Low
USER_aRl3hRu5l0,147718,Static Image,629,16,5842,3505,939,63.32632016,Medium
USER_CtLthCruos,308987,Carousel,221,7,1316,3475,1878,45.02824838,Medium
USER_AmSDcnTMYk,645263,Text,154,21,1124,4529,607,53.11094963,Low
USER_56h01Nwrne,358745,Text,665,10,5621,1135,1610,74.57176662,Medium
USER_KF5lAd6ZMl,107512,Reel,12,26,5423,4000,1958,82.59409191,Medium
USER_fBzBAlV9pV,147443,Memes,133,12,2587,374,565,69.65614021,Medium
USER_9nsjMT1nXh,470587,Text,994,24,9215,206,1367,92.40729888,Low
USER_Rf7QMizXai,373616,Memes,304,14,5672,4875,1994,82.03240881,High
USER_nTYw7A3oTv,657409,Text,293,25,1378,1319,1948,56.18637898,High
USER_IZWziJEeFF,686976,Static Image,975,5,3374,1141,53,67.14060726,High
USER_BUFWGzmTxS,365871,Carousel,300,26,1519,4627,1753,92.63082769,Low
USER_lBrzZ1EIOH,375037,Text,740,21,5777,2690,527,61.91680442,Medium
USER_NDWL6YEx6J,807364,Memes,783,18,7935,3255,610,82.4806948,Medium
USER_H853XtLlii,117796,Static Image,43,5,6093,89,1555,68.88105036,Low
USER_0hv9fAhwu5,291999,Text,944,3,8418,4108,1581,55.19363611,Low
USER_o95aRrNXVF,192506,Reel,343,23,5355,3020,1986,24.18381954,High
USER_HiBdFfgg96,990198,Carousel,326,26,4968,1857,192,42.59975195,High
USER_gpAEz2wUW5,698376,Text,814,5,9083,804,1918,96.77428248,Low
USER_xNMGKGZFlX,269544,Static Image,498,24,5574,944,57,65.77653833,High
USER_THrj4tNeVk,380002,Reel,364,17,4072,2789,1460,56.43953803,Medium
USER_YxuB9Qll5K,698002,Static Image,891,19,2257,3875,1134,93.29566255,Low
USER_KLp0XPcXJq,539439,Static Image,427,19,8588,1610,128,58.6511781,Low
USER_1i6INGuAzM,968911,Reel,21,25,4424,2923,1872,52.60825184,Medium
USER_xUIFfu9Pdl,590978,Static Image,407,21,3237,3882,705,75.93108552,Medium
USER_0SKOEERPNF,528787,Reel,619,12,3893,3221,1948,71.2665619,Medium
USER_grhW2Wkd0K,530583,Text,336,25,2005,4391,851,19.31600084,High
USER_2dPnZkQRFC,907317,Reel,815,29,2016,4735,1349,47.13082746,Low
USER_WMiyOZc5Zp,388215,Reel,117,9,9388,2387,7,47.25154428,High
USER_zIDHZUi5LH,321184,Carousel,124,1,1772,4723,28,37.82245152,Medium
USER_V6wRPrk5gq,798615,Reel,399,18,8353,941,1135,51.72934822,High
USER_oGMP0AqsLS,422515,Reel,793,21,3976,4925,946,41.31073977,Medium
USER_8H6ZhsIIRQ,668234,Text,804,4,1751,2566,1696,19.93454895,High
USER_hPS8780p9x,378480,Carousel,715,10,8967,975,130,41.23664873,High
USER_CWdgMTCcTj,32711,Memes,51,25,7430,954,187,7.227694757,Medium
USER_Epbv3pFEMq,791971,Text,783,7,7170,1262,1698,57.57858628,High
USER_BES8EimkfS,501157,Text,324,22,6469,943,708,85.36545489,Low
USER_3mNtl19l2V,184423,Memes,789,23,9131,2202,1498,72.52870844,High
USER_w1jAPvYl08,978771,Reel,141,1,3220,3327,1387,36.03940401,High
USER_SPuRfDmnmD,516349,Static Image,470,17,539,4274,1227,8.707120558,Low
USER_18ppTF4FGU,703714,Carousel,787,24,1461,2259,211,20.21493992,Medium
USER_MqQb34Dg61,912495,Static Image,802,29,5184,1828,1644,54.54903405,Low
USER_f5TCudmC8M,657917,Memes,334,29,8547,1257,275,20.70570834,High
USER_Wg1Wtg83QE,824792,Text,893,2,234,464,1096,54.39731113,Medium
USER_OU1md2hJtW,737378,Text,964,28,1548,3294,1702,23.15990248,High
USER_wvKbRRAUoY,133272,Carousel,373,26,7480,1230,1795,84.89238695,High
USER_Q8ElWeNAHY,767836,Text,564,11,4213,2654,242,39.72714728,Low
USER_4Z0pcT9NP9,986001,Text,494,9,1673,884,1810,24.55506259,Low
USER_nXbv2zAASb,702335,Carousel,539,7,6708,3805,1125,81.23261802,Medium
USER_pRk0w0tVhU,807789,Carousel,669,22,7982,3856,986,34.28389648,Medium
USER_PIL4kriqQA,643409,Memes,751,17,2100,3135,684,11.14876878,Medium
USER_ak3mrWcZsV,77505,Text,156,17,3748,924,170,57.04094914,High
USER_BlO0LWU5uH,2869,Text,291,2,3173,4589,652,58.15642044,Low
USER_cQX389NHds,781474,Memes,648,6,1815,1546,1932,71.46956752,Low
USER_vOzSH4Wwpu,454351,Reel,144,14,3841,1094,187,24.02194332,Low
USER_dfZecBBdz5,312252,Reel,106,6,8016,2411,1464,44.37713391,Medium
USER_sdKJWIRJT0,636584,Reel,420,2,7011,2617,1109,28.2367919,Low
USER_ZSbGo8vX0j,618467,Memes,670,1,4493,762,1499,8.095373612,Low
USER_QWKCIJgH6f,90272,Text,658,10,674,2323,51,87.6613827,Low
USER_Reh5JPg2zs,38467,Memes,2,21,8088,4145,110,72.88698045,Medium
USER_BrK4cir5JC,809760,Memes,945,5,8578,2775,1972,30.14630595,Low
USER_M1DDayEDwA,877844,Reel,589,2,2158,4659,876,59.93729929,Medium
USER_dvrlofBlkD,480047,Static Image,644,22,2661,4878,1877,20.12637881,Low
USER_cuV9e9DOyr,659347,Text,90,16,2064,3155,1066,89.02366218,Low
USER_uUjFH8McnA,58871,Reel,345,25,3253,3970,210,11.49063434,Low
USER_yPqy6lYZ1B,939903,Static Image,350,2,4979,2040,1991,0.383714551,Medium
USER_of1iONfFk0,128391,Static Image,459,10,7703,583,1223,50.20081977,Medium
USER_rXoPPJLTe0,439430,Carousel,263,2,8931,4331,1833,58.31278235,Low
USER_5lx8t6hTm4,610704,Text,351,16,1401,2103,857,57.89653203,High
USER_ks2S6GBZmR,856703,Static Image,108,16,3259,1942,1775,5.451192744,Medium
USER_C1dheglOQI,830496,Reel,586,19,3923,4455,626,31.40438069,Medium
USER_H038gdDbkO,256687,Carousel,39,29,4214,109,1049,49.91989468,Low
USER_r0B3MWGdED,725451,Text,909,7,3227,191,1942,21.65791856,High
USER_WqrHTYs8kP,107450,Memes,159,22,2745,903,298,87.26258855,Low
USER_8f6eeEHYjE,171890,Reel,583,12,6091,861,1100,8.710928946,Medium
USER_lVt4JSDldM,438741,Static Image,959,24,3866,1083,923,48.73844417,Medium
USER_JOxEuMwsga,281974,Static Image,312,15,5818,649,136,69.14160575,Low
USER_2K7GqddjjD,934933,Reel,241,8,2222,4134,1043,26.17511001,Low
USER_S3QmAvRX1J,400109,Static Image,938,6,2792,3611,439,62.4240737,High
USER_k0zcJirMgl,116381,Carousel,445,28,9889,636,210,82.93851501,High
USER_b8JOtgroJc,473125,Text,298,27,4063,1036,751,19.03369751,Medium
USER_SRs4urMnZz,571621,Carousel,952,10,1524,4131,1574,91.72205918,High
USER_l1iFecXblD,134508,Static Image,36,3,8224,2148,434,55.35585327,High
USER_s8Bvq0xmW3,729650,Memes,84,19,6198,3865,779,29.92320043,Medium
USER_DWUPsIKMWs,862645,Text,452,17,4025,3157,1230,43.08582754,Medium
USER_xrjT6jqrGY,399111,Text,886,7,2566,3587,438,31.21918838,Medium
USER_IPPS4B0k6C,150810,Reel,775,21,2803,3294,1997,72.51111599,Medium
USER_XFOO2VXgMD,292890,Reel,822,20,3709,4261,1802,79.63006634,Low
USER_LljIFckgDp,573665,Memes,385,26,6155,2430,665,83.29373923,Medium
USER_SnuzNxQCeN,965908,Text,172,4,719,1879,1065,98.57682496,Medium
USER_cAgW4loolU,840477,Memes,376,14,6516,3966,410,79.12842925,Medium
USER_2DCUO8FLEC,360032,Reel,685,20,4579,3713,1546,60.13840707,High
USER_sxb2rTwsDk,957294,Reel,362,22,972,4126,805,33.92202984,Medium
USER_owhYd1cvPA,369599,Text,559,15,3718,4106,609,54.45954487,Low
USER_qRP3AlvhFi,660960,Carousel,891,24,7395,2011,426,4.106817279,Low
USER_Vi72rSTsqd,750020,Static Image,141,8,4402,3373,1298,74.48250755,Medium
USER_0IInox16ZI,879611,Reel,887,21,4552,2143,1471,44.59555451,Low
USER_v7uFRGHkGt,171836,Reel,918,15,2207,2500,901,2.002322973,High
USER_DqMNKpk0xy,729903,Carousel,118,22,4426,4581,941,6.250694151,Medium
USER_Cwe790MjoR,45714,Carousel,277,20,6919,1289,1907,38.74664638,Low
USER_cCH5FcYuRJ,974339,Memes,726,28,8835,1447,741,58.3421519,Low
USER_XYdTqWoyhn,627234,Memes,220,14,8386,3199,1392,46.4203949,Medium
USER_uNxdgvGQEx,896048,Static Image,905,27,8680,1943,1961,61.92043173,Low
USER_fhlwiWdEvL,630271,Static Image,26,29,2204,3183,1243,48.02942588,Medium
USER_iELuf8Nr6B,466960,Text,521,9,5345,3216,1600,66.17038455,Low
USER_dYX7oqFsPK,711851,Memes,783,8,3276,3136,1890,21.91260647,High
USER_DvNCjRjp3o,124123,Reel,10,26,1102,3318,1255,11.28431872,Low
USER_tB58p6z1Gk,936093,Memes,984,28,5243,2782,327,59.64339546,Low
USER_MPgp4pXxAk,305628,Reel,378,26,6614,990,1466,48.46895169,Medium
USER_BG3XFf9uOv,82989,Carousel,633,17,9433,4920,51,2.686765404,Low
USER_zTh2Bx4XFg,298356,Memes,637,2,8707,2153,1909,38.04818855,Medium
USER_yDE7aa1Ohr,829957,Carousel,682,25,5223,225,1966,10.61255855,High
USER_iKIKOebdd8,178274,Static Image,584,24,8584,776,375,53.13568318,Medium
USER_RngABy5xTp,687995,Static Image,152,30,630,2837,262,39.57776797,Medium
USER_0Tc78sPEkn,325352,Text,720,3,9171,687,266,61.31519111,Low
USER_WhObLhBTCv,820260,Memes,49,8,6683,529,358,80.56022188,High
USER_Ag0Yz2OS3h,411927,Carousel,154,12,277,3442,1340,29.96686838,Medium
USER_cSKVPRAnVw,789852,Reel,859,1,232,2153,1347,96.21021042,Low
USER_21YftRTELm,883184,Static Image,293,10,9744,1294,1944,53.56345006,Low
USER_JalWaD68Dd,131373,Static Image,580,20,5690,1526,1931,61.82907988,Medium
USER_8xBm0lee2H,438452,Reel,50,3,7659,4774,1689,68.06723732,Low
USER_DcgKlR1AiV,115294,Carousel,664,6,25,2896,1893,66.67315299,Medium
USER_m5Yktgalx6,459451,Carousel,531,7,7468,3103,1901,51.0970743,Medium
USER_lCO7DqNxlQ,971744,Memes,612,20,6410,2440,651,42.87642911,Medium
USER_fg2ehs7Zle,648307,Memes,60,23,8652,4135,1962,5.378196418,High
USER_isbuW1Mj4R,65726,Text,167,25,3764,3802,1586,2.20858453,Medium
USER_vvvMI5e32m,141564,Static Image,202,27,6599,844,1652,35.79611945,Low
USER_KUFRYZXBYv,377812,Memes,857,18,5102,446,1444,33.36608906,High
USER_os2zzKgTuo,268246,Carousel,146,11,7006,3915,45,38.76951548,Low
USER_0QlHBDkWhD,705696,Reel,915,19,3483,3109,1844,13.83682009,High
USER_lWDRC1e7kw,118015,Carousel,676,5,1994,1234,599,73.81682705,High
USER_axCL8QEs55,740674,Static Image,970,19,8682,226,719,85.69644148,High
USER_r0y48etENB,254079,Carousel,993,11,1072,4143,1912,93.87146354,High
USER_HO2dm8BUtv,550929,Text,439,24,6707,2959,1292,49.23623035,Low
USER_tin2cFrdF5,689944,Static Image,242,12,215,1830,600,70.08656991,Medium
USER_BltYlyqS5I,688105,Reel,581,10,7605,3779,380,85.55511234,Low
USER_ymf2uQuFyD,513758,Text,687,8,9915,186,117,41.82911111,Medium
USER_7ltsbwnL4R,940597,Static Image,561,24,9784,2877,1589,30.94127949,Low
USER_MBmvLo3iVC,983609,Reel,483,28,2606,2535,1976,93.67245559,High
USER_FfnFYFYV8J,365890,Text,108,28,8350,1932,115,51.56765511,High
USER_yoqREACuF2,445101,Text,226,9,4781,2924,1653,49.72538866,Medium
USER_5ioY1ApOmZ,36631,Static Image,673,4,3313,848,259,17.84160966,Medium
USER_7Tb1gNQoh3,766577,Memes,631,5,9968,2032,1098,10.81550146,Low
USER_p5CCMcEm6f,72991,Text,661,21,7763,1252,1503,84.21068625,Medium
USER_yjDX2vG9vf,4014,Text,977,8,5939,1881,304,61.41331762,Low
USER_StrvpVEOfg,273237,Reel,662,23,2295,269,6,32.5824584,Medium
USER_PCATenOd3Q,18070,Carousel,432,9,5685,1630,365,19.17362174,Medium
USER_OjAqnU3pDn,822209,Static Image,805,15,1696,4405,1657,55.54972802,Medium
USER_JaEpZ6PCuB,56958,Static Image,655,15,1946,3203,522,58.39192893,High
USER_E5lsVVr3Am,82074,Memes,419,16,2783,1574,1371,20.69936012,High
USER_x6mMiBIs2m,535017,Memes,988,14,3644,2892,1461,85.14057479,Low
USER_mNJeuEQxyC,755073,Static Image,455,8,5241,1695,1238,8.426436616,Medium
USER_Mcgknuv4OJ,176089,Memes,160,18,6420,3258,428,35.60930852,Low
USER_ORd2ilKtJe,197392,Reel,523,10,7557,3262,790,68.03844138,Medium
USER_BOtS14mWHs,158823,Static Image,650,28,2645,1445,1521,27.41203638,High
USER_R6FKOSnh0p,630152,Memes,969,20,6589,219,1563,82.76751948,High
USER_A8jAsRAvMh,393002,Static Image,590,6,6353,52,746,73.98678266,Medium
USER_ZB4b5wqvCu,733429,Carousel,77,12,1932,1757,366,78.90228445,Medium
USER_9ZqhWBCN74,498863,Text,509,2,1757,1666,312,11.91065359,High
USER_xtvWzJik5o,367654,Static Image,441,7,5085,2785,537,14.0547128,High
USER_TZ92Kw7wye,579036,Text,254,16,5637,719,920,28.64737377,Low
USER_BUz2r3qzbO,530089,Memes,921,3,1116,405,1077,51.80771652,High
USER_L4f1mtJ3Yi,150262,Text,770,13,492,2294,1564,74.80160767,Medium
USER_aqTtiUzOut,442905,Static Image,320,3,8811,71,1490,83.65308908,Low
USER_ZoU7ZnbcUY,235362,Carousel,803,27,7888,2053,864,70.4335316,Medium
USER_H50Pf7anjM,444209,Memes,263,18,6474,1229,1187,92.85968815,Low
USER_N8HsG6Jb5g,553880,Static Image,597,11,9738,1567,781,73.87435096,Medium
USER_Dt5srT7qSI,797079,Memes,658,8,4958,3682,333,30.6267887,High
USER_TiNU4p47N0,664076,Reel,835,6,9797,2953,1570,26.50812843,Medium
USER_MAgTaMpFJ9,219963,Text,554,1,9467,4482,797,69.61924503,Low
USER_P52ZreD8gc,480761,Reel,374,28,2743,698,347,19.28705687,Medium
USER_d5JuRS6g72,248710,Static Image,637,1,7866,826,272,9.271481081,Low
USER_rcNFUbXyhP,220984,Carousel,167,23,7160,348,962,53.22228749,Medium
USER_PmKKb63pzx,897059,Memes,937,8,5451,3908,719,82.16415698,High
USER_909P0Tp8zN,856748,Text,753,5,5258,307,1773,10.13798425,High
USER_pzUeElqtN3,782355,Memes,459,28,8548,3416,1437,79.18913238,Medium
USER_kbZEAw9RWQ,264512,Static Image,999,16,7186,2334,499,81.15720044,Medium
USER_yhegP1pFjs,601863,Memes,280,11,6102,4861,1116,48.22740001,Medium
USER_AqSq2TqPql,268799,Text,700,5,9061,4820,684,5.731031001,Low
USER_OfW2SKiEZ6,237549,Static Image,302,4,9077,2809,78,17.45898512,Medium
USER_a1Uxu8oAop,594319,Memes,531,30,9475,3558,621,70.74262752,Medium
USER_Bh0LSQ3QSg,993933,Carousel,580,6,619,4478,1240,71.1777945,Low
USER_aesdJtiqiq,484299,Static Image,218,14,882,3477,946,89.83552752,High
USER_xtDUXXwW3b,612210,Static Image,102,22,8988,4620,357,58.26861466,Medium
USER_pXa2iIP1rk,448982,Carousel,554,19,3642,2686,617,12.41073677,Medium
USER_HxtxRFjkIZ,124046,Reel,288,9,1296,2985,506,12.14149055,High
USER_HRx5V2M313,406619,Text,167,12,8436,275,1582,72.11323574,High
USER_p1tSZzqRz2,32097,Reel,621,11,2895,2547,1204,18.37846651,Low
USER_81FNViEJGQ,996161,Memes,36,14,6593,2764,575,32.83854996,Medium
USER_UF8NCIcWF3,666326,Carousel,744,23,929,336,1269,48.72120069,Medium
USER_M6drD7hxZU,649150,Reel,741,16,5366,1973,243,2.476487758,Low
USER_UdyJd5GUVR,230229,Static Image,353,1,8711,2979,505,24.8819027,High
USER_5yDuvYcWar,118834,Memes,676,13,3212,4576,421,40.78896085,Low
USER_MFTc6TQjhS,93848,Memes,899,23,2409,3968,1343,27.96363185,High
USER_6jwj4tXXCd,52921,Reel,73,21,8199,910,1110,13.63703275,Low
USER_ieelQ4yvXS,705086,Reel,648,21,3423,1996,216,72.80122578,High
USER_qFWW5RlaEZ,650429,Carousel,353,30,6976,3129,1513,81.31476552,Low
USER_aZqCfTKX9y,705660,Text,891,13,7594,4204,1542,25.74789761,High
USER_wyNUSP7bu5,284821,Reel,70,2,5158,3757,1301,77.44194946,High
USER_SONIygghsT,55609,Reel,425,4,3667,327,1872,38.55535644,High
USER_CVGNScMBAN,227897,Static Image,999,28,5973,1799,1745,50.66857909,High
USER_1ghCt0C8VF,974165,Memes,708,6,6236,314,1008,85.60010749,High
USER_d73AFc7Z7b,31024,Text,781,26,8277,3545,1192,74.99536818,Medium
USER_8pXGR9zM7t,70313,Static Image,561,27,2468,1134,329,80.51168513,High
USER_rECfYnAmEa,389957,Carousel,828,23,6217,2746,649,13.68451666,Medium
USER_Q4G9t8V3qA,184078,Carousel,642,27,3619,4876,1464,6.971942583,High
USER_QDPUFb4PHw,357429,Reel,956,5,1636,1520,390,89.34047291,Medium
USER_jEiC2DKiMs,932842,Reel,517,25,8155,155,1519,38.78342696,Medium
USER_0XV99jJJyb,461243,Carousel,428,3,3583,1724,380,28.78796781,Low
USER_Km4cLbQZPr,113632,Reel,539,1,4009,3343,1329,72.46962543,High
USER_unZihkAbnP,997639,Text,160,4,3326,886,741,83.64155966,Low
USER_EB2xi3ghN6,937012,Reel,149,25,8148,3073,819,86.24896219,Low
USER_JqEluFx4qD,251451,Memes,776,20,2217,2805,672,31.59971411,High
USER_Gn96HxFHuv,3051,Reel,230,2,4967,721,512,85.22123912,Low
USER_XghwWhFF0B,704107,Static Image,712,26,2369,912,1771,4.093394437,High
USER_bJ4ba7p6iA,376836,Text,562,30,3638,3357,948,4.966149146,Low
USER_AjnYtpJi9I,611523,Static Image,67,30,9135,870,1211,62.35191952,High
USER_F6HibOrCd4,971525,Static Image,812,5,5722,4108,929,6.310636912,High
USER_7c9DgQrvka,721772,Memes,381,3,4444,497,1539,32.46091685,High
USER_3YA8kDQfAp,189407,Text,58,29,7618,1756,912,67.27559862,Medium
USER_haFR35gW9B,449395,Text,259,28,3947,1117,643,33.72668961,Low
USER_HflIUPISmv,949597,Text,342,29,1676,3409,426,17.95997814,Medium
USER_zKupnhiwTZ,462894,Text,838,9,1196,2828,501,28.13506219,Low
USER_9HRIS1WPRt,211810,Text,130,20,2787,1647,729,45.75753323,Low
USER_INO35Z25XF,957238,Memes,727,6,7432,2983,1283,47.53858554,Low
USER_NZCSrcHmW2,727975,Reel,172,18,9653,142,1536,78.30002313,Medium
USER_Vnz0dqS7D0,73523,Static Image,770,6,7927,2761,70,75.01532294,Low
USER_hRmr2B8mLl,760463,Text,614,19,3318,3435,477,45.68178046,Medium
USER_k8GueZDUub,94476,Reel,209,28,8858,4660,1201,84.56673491,High
USER_HdXxHKiVEA,233841,Reel,803,12,6689,2431,456,11.42371386,Low
USER_MXZvDHhdVs,803451,Static Image,354,25,2176,4512,188,25.53533502,Low
USER_TccPmK3OD8,870045,Memes,471,11,3743,1848,290,82.79764635,High
USER_Rt9WYnODFc,222866,Carousel,798,2,8792,2696,1543,37.79940386,High
USER_NInY2QfCoU,86672,Carousel,116,15,4422,1717,1788,98.11815588,Low
USER_ezPx86tGM4,598135,Reel,264,12,3824,3072,919,46.62532815,High
USER_tSqLvL5qYz,344894,Static Image,662,12,9171,1067,291,79.1935623,Medium
USER_CAcwEYRT3i,734994,Carousel,812,9,2451,2786,1969,40.23070414,Medium
USER_wCMrMBm6Pi,28251,Reel,442,21,628,3791,755,42.49535191,Low
USER_EH0lbkZttW,627769,Memes,548,24,9821,1288,1658,38.28831473,Medium
USER_eA2I7ke4g1,374710,Carousel,453,2,7778,3871,1834,71.90756205,Medium
USER_e05QO9NU6Q,550233,Reel,845,22,3696,1806,1306,54.75178841,Low
USER_Dl4ppZubOj,877284,Reel,477,3,3674,1504,1567,94.37781114,High
USER_w5K2hsAZhN,32217,Text,287,12,3929,3308,1869,25.08903165,Low
USER_0JFkYgDVeM,8308,Memes,303,28,2765,2951,376,10.05627321,Medium
USER_wXpKoX86VN,268093,Text,311,30,4369,71,1681,39.32614851,Low
USER_Piz7y3IIcP,183062,Static Image,208,26,8307,1690,1179,61.67127076,Low
USER_WWvzRg4NWk,394366,Text,618,16,4956,1344,507,86.07989369,Medium
USER_FdytXf57tR,744840,Text,446,21,692,3303,1436,34.61968867,Medium
USER_oMSGlDDQW7,100235,Carousel,670,28,3162,3113,527,65.37867511,Low
USER_PXJxtpcQc7,74740,Reel,633,24,1105,882,1378,35.0198681,Medium
USER_aEaAzgPoEb,378496,Memes,55,26,3008,4234,558,61.7219583,Medium
USER_jvr5LpeArp,853049,Text,912,30,2161,2662,1786,88.4807947,Medium
USER_tdvy0oxe50,750201,Memes,12,1,8345,1504,1210,23.13576423,Medium
USER_3rzlx9zQ2y,803328,Text,657,21,3699,2463,1054,40.42416421,Medium
USER_6Fe2Sb8G1r,917230,Static Image,400,3,3786,2553,259,99.32651964,Medium
USER_7A0oWVB4co,177247,Text,908,20,9256,732,420,86.85570282,High
USER_97MJDCBWvT,663165,Carousel,648,2,4200,1748,1552,56.46398579,Low
USER_NYgejrY4UI,529525,Reel,980,9,1913,3924,1574,51.66275919,Medium
USER_YNytw3kWx2,20056,Static Image,515,19,9408,423,303,28.46003823,Low
USER_ZKauDnQnzz,176615,Text,656,15,5520,3478,941,51.72094277,High
USER_QhKIUBSBI1,187628,Memes,542,18,1772,1591,1967,84.81814983,Medium
USER_MkgmUNokte,638836,Static Image,237,26,2780,4485,1062,68.51745133,Low
USER_08XvJN476f,373632,Static Image,279,11,7423,4437,1512,29.00440282,Medium
USER_eSwE9cjHNq,134415,Text,348,25,2871,4709,1667,20.14639211,Medium
USER_HXhDTBkxGg,406716,Static Image,627,23,660,492,541,26.5208537,Medium
USER_WZAJeGMslT,446438,Memes,104,16,6242,191,1693,16.97592014,Medium
USER_JFUYtGj5Dq,553663,Static Image,630,22,1132,498,1301,9.564069602,Medium
USER_aEmC1SNlMW,665022,Memes,517,17,699,4917,1226,41.91361744,Medium
USER_EAM1BFwbW0,541252,Text,980,5,7470,1256,1089,11.32996044,Medium
USER_nDOBGpKc4W,637717,Reel,872,12,6297,1968,107,17.19125577,High
USER_JvGbJDrwze,252764,Static Image,248,11,7812,4322,267,54.73246843,High
USER_x7Hmfhdpxy,714998,Reel,364,30,4557,2186,221,16.45992737,Medium
USER_UKhlecdFEU,466882,Memes,321,15,2179,816,1827,6.387976743,Medium
USER_VfSwHx53qP,740427,Static Image,633,27,9065,3220,1553,31.738885,High
USER_XKcpCzYgl3,512153,Carousel,286,3,8275,1473,1113,22.03190986,High
USER_I51TS6mlvw,67215,Reel,149,1,1422,1086,692,51.5305188,High
USER_z47iPZF95r,855474,Static Image,84,20,3180,4199,254,10.23670846,Medium
USER_UuzsYkwDZX,144356,Reel,966,29,4316,1874,1478,75.17707877,Low
USER_MwSiVyRFn0,203861,Static Image,406,16,6696,870,252,90.62335194,Low
USER_ZozqE3sdZ5,355612,Text,978,2,9583,4763,256,74.3435174,Low
USER_K3WmdF2ndl,454605,Reel,456,2,614,2042,382,53.28270374,Low
USER_8XP92ADVBz,9435,Carousel,743,3,4570,272,441,86.06678218,Medium
USER_ZMCbCWabeH,447556,Carousel,800,8,270,1029,1881,69.49183798,Low
USER_DWpmI8d1fb,699438,Memes,161,24,2468,3218,598,1.055112245,High
USER_5qMefOg7pA,865264,Static Image,784,28,9582,4069,1113,39.40901528,High
USER_iuLxX4zVyU,575581,Reel,460,15,3607,1051,1772,85.09518994,Low
USER_mYb0woaAyM,78781,Memes,550,7,3075,4033,389,34.5858858,High
USER_hDTlr6AZ3h,191475,Reel,500,6,289,1573,581,3.521517353,Medium
USER_BtgoD6uiYb,160196,Static Image,738,9,8120,3190,1067,74.61796386,Low
USER_OCRFRpp1L8,226507,Carousel,509,20,6614,4388,1735,80.20382703,Low
USER_RyjZywvJbU,306063,Text,654,28,3252,3797,1687,16.0593695,Medium
USER_7S9MCVj1OW,764121,Carousel,804,1,7415,3289,597,53.73404968,High
USER_4tiimBykHp,776665,Memes,481,8,6771,3747,18,19.1955439,Medium
USER_LrasW4zmTP,690607,Text,663,23,278,2105,1124,71.9234419,Medium
USER_Yt4fkggGaz,121172,Memes,114,23,580,307,1937,27.15504552,High
USER_wreXDlhSxb,356902,Static Image,749,3,4958,3359,606,31.62151226,Medium
USER_urCiCiyUDt,484963,Text,578,4,8445,3176,1789,84.49708536,High
USER_CmyOUaawM9,455968,Memes,361,26,4276,1251,1380,47.63223522,High
USER_3dGOsSaRMT,318717,Static Image,341,25,7997,2747,1565,66.97544512,Medium
USER_AodrApLqrr,59101,Carousel,770,15,4776,1517,1784,40.23730507,High
USER_wsf1KmEXkk,495972,Static Image,987,6,824,1378,1961,29.80068572,Medium
USER_R6vD8Ka4dC,288790,Reel,761,15,3832,4891,32,62.54780604,High
USER_kqHtdQoswl,890617,Static Image,969,21,8891,4992,1993,15.48575741,Low
USER_NvLXItxeRj,547337,Static Image,449,3,5445,1961,1252,37.29998356,High
USER_b6JWTV9BzJ,734965,Reel,843,25,1380,4305,1547,20.90370374,High
USER_3aqwkQZ0dH,360260,Memes,835,21,9865,2863,1653,69.57949669,Medium
USER_pXEsXR5Puc,883811,Memes,180,21,6534,2656,861,94.42088383,High
USER_XSjD4ZunS3,592673,Static Image,702,14,3156,2494,154,99.5510968,Low
USER_W9XxN4Y8s6,650419,Reel,407,20,4307,4567,1446,45.02768104,Low
USER_c01VJ4UCgn,433374,Reel,666,14,5634,4005,904,25.25303896,High
USER_BB0I7LG1QY,720777,Carousel,196,4,8575,3563,1269,44.28293704,High
USER_f8BqVIz3eb,547577,Memes,466,12,5810,922,404,84.726941,Low
USER_sKeheKkIjV,372370,Text,311,17,8533,4232,843,20.60056786,Medium
USER_wovg45SEHL,887225,Memes,262,7,5934,4462,1782,95.20956517,Low
USER_P7kW9FWWN9,271967,Memes,419,9,3109,2959,1564,34.18657688,Low
USER_ddKzmH9SQB,191232,Carousel,406,3,4082,183,1184,98.58036595,High
USER_7KviWjqQ2D,304119,Text,939,28,3240,3358,746,83.86088875,High
USER_ThhBHijgDg,9540,Carousel,143,13,6028,1398,1725,80.85705341,Low
USER_0CZyqosGYz,540652,Text,342,15,1849,2796,1140,31.79046738,Medium
USER_NtouGxbkxB,397827,Static Image,316,18,8497,536,270,0.877721195,Low
USER_BCsz2Wd5Dk,551951,Text,101,19,2749,1273,769,38.21329088,Low
USER_3nenro5eRe,51991,Carousel,244,1,6680,2967,1715,30.18093697,Medium
USER_R3wA9QOBKV,188751,Memes,490,6,9327,3049,1510,3.739699041,Low
USER_tUyGgDuQ3J,366326,Text,12,27,205,1096,1908,50.53652565,Low
USER_pshexYVpab,686337,Text,239,27,7352,1305,171,40.30313113,High
USER_dTMiY4641o,618992,Reel,561,23,4591,915,1973,63.45564677,Medium
USER_B8oKKuCAxs,49115,Memes,42,27,3450,3081,273,62.11863222,High
USER_Gmzbne8ePx,353151,Static Image,678,27,7214,4247,258,12.07466359,High
USER_hdHBC5RHN4,743583,Carousel,594,2,3811,1028,1158,97.69655461,Medium
USER_U63sNXcprD,191962,Static Image,429,24,5141,1977,1706,18.69314294,Medium
USER_gk5MOfLatp,721747,Memes,803,14,8501,3354,1745,44.52740248,Low
USER_ThtIIqb8U5,149143,Text,158,6,2708,2511,1771,48.81175434,High
USER_2ZrGcpEzI2,714635,Text,216,14,1991,270,421,81.30627972,Medium
USER_e59q0y5lll,989873,Memes,670,4,8463,1186,1444,9.922959609,High
USER_TVbQwfDIj5,536226,Text,462,21,3273,4555,1209,42.86442792,High
USER_nmOziPOuSW,952699,Text,134,8,4538,4200,1952,62.85021702,Medium
USER_U3pPJnnVNr,353824,Text,67,30,8712,3764,363,21.51556216,Low
USER_oLCuZhNkpa,4000,Carousel,848,3,9168,2398,1978,62.74678988,High
USER_89c4noYkg4,725948,Carousel,7,19,3722,4529,1630,92.36648375,Medium
USER_lvDbcjlZie,887474,Reel,948,30,3551,4235,377,99.75181312,Low
USER_VwVHCxZUmH,355754,Static Image,526,14,2832,4182,1546,3.245107679,High
USER_VQeFrBDocj,251492,Memes,73,27,5679,1711,579,23.55882282,Medium
USER_dBWtXJSOcZ,890123,Memes,399,20,6579,2230,890,31.03071158,High
USER_ioaQl4UOBX,499522,Memes,405,17,152,128,721,39.91261004,Medium
USER_XhYVsfoUWD,491072,Reel,675,25,5754,1269,1219,24.22571576,Medium
USER_QDlDxU0hQ4,38304,Carousel,578,8,2800,3672,880,20.34879946,High
USER_fmBzhpEfOm,504999,Reel,859,24,5310,1601,1121,95.45538424,High
USER_lFwvzjPAwk,331593,Memes,130,14,9944,4765,604,91.85216028,Medium
USER_nMTGDXF9tq,607274,Static Image,931,26,2610,3970,21,4.6992501,Low
USER_YyRpQfbBah,151836,Text,466,6,1104,4244,1473,33.88130216,High
USER_cqBbpo8351,108940,Carousel,206,23,7361,4947,1195,40.51485537,Medium
USER_aS2JjOflny,824926,Carousel,788,22,4199,627,382,23.90145347,Medium
USER_8ujULs5ny1,265517,Reel,978,16,3854,3797,133,62.8872897,Low
USER_NfD678EQnE,667521,Carousel,768,25,7263,2044,1449,64.03807466,Low
USER_qBDsBgtQpS,621820,Memes,266,19,1914,3552,1048,85.05042283,Low
USER_h6AL42G8ya,879090,Memes,537,14,7365,4979,502,74.08692684,High
USER_ytdSSiuN6b,385777,Reel,962,19,3072,2341,1208,54.2573327,Medium
USER_kfDMRInCmg,624674,Memes,793,3,9198,3214,1108,65.358677,Medium
USER_f6kURwL7om,551638,Static Image,253,10,406,249,1590,27.39887815,Medium
USER_QcB089oL7A,617296,Reel,822,19,166,2925,1786,59.305619,Low
USER_WAzGKn5h6z,880729,Static Image,289,9,508,974,143,48.92272547,Medium
USER_QtOYG27KJv,549639,Text,164,28,1661,1325,1886,13.33444673,High
USER_jI9VtQpAeR,612956,Static Image,95,20,3664,983,1933,24.25442766,Low
USER_ihw1PGrgzZ,638873,Text,782,13,3489,888,1702,29.16934507,Low
USER_tGkl412EfY,932809,Text,833,7,680,2937,1435,92.43095671,Low
USER_tsPeqRC7u3,337497,Static Image,110,14,2524,2117,223,23.03866394,Low
USER_Qu0YqMIayJ,207869,Reel,336,9,2120,2672,219,28.92439028,High
USER_shy6qrbCz6,65953,Memes,822,27,5260,4970,178,36.93541301,Medium
USER_W395VoLJY6,843890,Memes,238,28,4357,1326,1654,66.37427386,High
USER_dliJLrvtyX,500328,Text,381,23,1363,470,432,11.82383925,Medium
USER_w2kkPyN0QN,806790,Text,436,25,9523,1987,264,95.39452125,High
USER_8JTbvTWbeN,3267,Reel,899,28,2292,90,953,86.55712201,Low
USER_71QEOimtL2,82745,Carousel,483,19,1538,529,428,57.7216073,Low
USER_4qiZXWeuWX,876020,Static Image,937,15,3408,4756,1685,67.40378674,High
USER_Kgit2bqNT5,824945,Text,902,20,7742,4059,415,1.666047124,High
USER_1xRdyqluIJ,157164,Memes,25,14,8752,4834,1476,33.89447753,Medium
USER_ZqPiN5h4XY,535626,Reel,653,24,9291,2773,726,79.56602307,High
USER_uDYmU3ZSVJ,131484,Static Image,117,6,1903,4967,196,7.748297379,High
USER_xRWXHGNrWA,531831,Reel,482,21,174,1686,1577,28.23138342,Medium
USER_kzxZpsIDcx,892323,Static Image,392,29,2230,191,1076,58.52968283,Medium
USER_pGlppvSQwc,951000,Static Image,917,4,4287,1986,479,25.64130277,Medium
USER_pijeuyjIlR,60692,Text,994,8,4160,3623,1466,93.39779741,High
USER_VFcA5JfCXM,220156,Reel,964,17,7106,2185,1353,13.10586308,Medium
USER_PMGGndItSV,223992,Reel,537,30,9689,4440,1274,79.73943579,Low
USER_qWJGkzJfzC,516771,Memes,79,9,3171,1008,1830,50.79486919,Low
USER_fR8InOjMGO,830857,Memes,580,1,1567,3783,889,75.03307758,Low
USER_zrEkXykgKK,563044,Text,173,24,1151,4298,1806,31.07153283,High
USER_3lQEhhnppw,543176,Text,956,20,7619,4668,1990,51.44896023,Low
USER_H7ozxk8TUU,691095,Carousel,12,25,6033,4287,924,85.68353497,High
USER_erlOPw88wu,833727,Memes,800,14,8560,2052,122,46.68780991,High
USER_A19iw8u8Je,114352,Static Image,128,11,4946,3308,1902,35.97198619,Low
USER_McsIP1UY5A,869474,Reel,608,21,8234,1716,1410,53.61553863,Medium
USER_CST03WHR9s,85999,Text,92,3,1907,310,1362,71.7362753,High
USER_QlYK5gokCw,17955,Reel,653,9,3490,4538,777,44.35633455,Low
USER_UPtWHMSMc8,824273,Reel,543,27,2535,1260,347,93.88769751,High
USER_F7IHSfF2WS,70640,Carousel,846,14,4173,4965,28,29.4945824,Medium
USER_juH8wKfzxm,196582,Memes,532,30,1293,3932,974,47.54636062,Medium
USER_kJqIAcmPdl,952415,Text,658,9,4769,3268,34,75.69276593,Low
USER_Py55x8VY2w,976535,Reel,989,4,4796,584,1541,68.91210905,High
USER_kfHUAKgAu3,744086,Text,828,27,6871,2799,1419,86.36410524,High
USER_yOv71SdYI2,400573,Static Image,447,4,2972,359,622,99.68091807,High
USER_Pu72xqcqqq,425695,Carousel,390,28,3922,2866,1317,42.68583288,High
USER_gNvW9ee9Sg,61476,Static Image,672,8,4997,2011,588,11.11508798,Low
USER_GLxM1kp7xe,306955,Text,861,2,7032,4939,1372,3.041588081,Medium
USER_rB7Sau6QYo,167280,Text,43,9,992,4006,1170,72.68769061,Low
USER_3S6giSRJDB,675510,Memes,254,29,8112,1625,1090,87.40136713,High
USER_xr9pMUA6AK,595468,Reel,130,14,5287,2764,903,22.07125859,High
USER_9by6ex5W9t,698646,Reel,60,22,2240,890,519,15.84480372,Medium
USER_mLYBbigaJG,637144,Static Image,663,9,1476,731,121,6.220509153,High
USER_wxa6eFTfOC,854882,Carousel,467,24,6426,3961,339,82.27029217,Low
USER_9lBIgcp054,414568,Reel,287,23,389,4701,174,31.13819399,Low
USER_xCAWaOfDl6,186141,Memes,517,16,999,2504,1923,40.16968928,Medium
USER_u564AuKas2,898320,Static Image,467,29,1855,614,1714,50.27501916,Low
USER_2GDOcCDwEb,634736,Static Image,930,30,8125,3806,596,83.94532342,Low
USER_rUxHTlNma6,538685,Memes,778,17,8850,1719,450,65.08332216,Low
USER_5MAZf8GDQ3,959059,Carousel,345,16,2763,4769,556,61.50646299,Low
USER_uBe0YTjC0x,178031,Memes,642,30,3663,1587,1159,17.56721,High
USER_c7c963ZOKf,918232,Carousel,382,12,4986,1611,1878,51.31898917,Low
USER_836SZSsAl6,968021,Memes,779,3,1481,896,1039,71.53810172,Medium
USER_MHgr8tBiTX,119180,Memes,690,11,7256,277,1356,97.3260883,Medium
USER_Fs2NM8Uo0X,66234,Text,253,14,3731,4647,1218,20.14063092,Low
USER_aLm6PgPaoG,564242,Static Image,927,18,7262,1636,1519,0.954335307,Medium
USER_BFSSVPNdMd,178352,Memes,56,21,451,2158,8,7.53014336,Low
USER_ndRHZp0oiM,79459,Memes,463,21,9729,2432,1851,37.58524652,Medium
USER_ksi0jqp0oK,409995,Reel,457,5,3093,3904,333,82.05446477,Medium
USER_HbnI3fMokO,195004,Static Image,983,16,882,4856,1356,0.714208177,Low
USER_GGwTP2ibN3,466152,Reel,83,20,4408,3262,1016,45.67305929,Low
USER_lSDapveFrT,941970,Static Image,905,5,4068,1449,326,32.92306153,High
USER_Zp8tyW3C8n,954443,Reel,99,3,3277,4500,14,5.24817101,Low
USER_1JhvC3HXy7,725256,Memes,149,12,8566,1232,838,45.02362867,Low
USER_hNvtQ4yyv5,952774,Memes,329,1,7951,4117,1637,25.47487073,High
USER_3m4JvvYnr2,59163,Text,156,21,4690,677,225,35.18848343,Low
USER_bl7xhJb1df,475853,Reel,190,29,4595,2658,1448,70.56153048,Low
USER_DQEXUpAZnx,51934,Carousel,494,9,4559,2028,1813,52.15509839,High
USER_3zWQqiIXpt,720255,Text,883,29,7291,3758,1431,12.4647429,Low
USER_5nqVQvE6Jv,425523,Reel,263,9,8160,4624,112,96.14145404,Low
USER_Jufq5UjhgT,840530,Reel,80,4,112,2037,1451,63.59107657,High
USER_OzuB7R6I6P,454137,Text,400,3,5131,2649,0,76.58684257,High
USER_M80f6SOc0l,5486,Memes,764,17,3197,656,265,7.921315001,Medium
USER_BqlUsFAAcK,139407,Reel,609,2,139,165,1514,4.705837946,Low
USER_lfZ72Nl5dN,873332,Memes,260,24,1424,4944,1231,1.944805037,Medium
USER_DlmeuQGzWN,650308,Text,772,1,2949,4591,1645,18.87940278,Medium
USER_afM99sCGoT,627083,Memes,615,8,3168,589,1735,41.44083977,High
USER_b6NG7GNGKe,220184,Static Image,552,13,8708,4524,951,93.58261334,Low
USER_t7X2YrligF,666490,Carousel,785,23,6043,2821,1392,45.70596593,Low
USER_NfKnWVkoUu,349652,Reel,101,15,6989,4258,305,29.02551054,High
USER_sDkFvGGOTo,761315,Carousel,359,8,7236,1262,11,56.19352535,Medium
USER_w4soiDXHL0,642612,Memes,380,12,6261,71,1368,11.19345781,High
USER_2uiPOu4Cw2,322710,Reel,820,22,887,3516,1488,60.9505891,Low
USER_iepXF0Nogr,197775,Memes,221,12,3104,4750,1723,56.84319543,High
USER_jBH3XDSUux,289336,Static Image,820,14,49,3580,1689,79.19930334,Low
USER_GNTAjzvz4P,787494,Text,420,15,3951,268,1517,98.66876116,Medium
USER_BzX6x4lbak,608364,Reel,124,15,3560,1776,1391,25.08734717,Low
USER_QZSb8KbInT,89780,Static Image,422,9,18,2462,1869,50.96564508,Medium
USER_l1ELMLIffV,152617,Static Image,231,19,4821,1268,936,90.88654063,Medium
USER_zzEZKTWlFe,545977,Reel,690,26,6340,1015,419,78.51898844,Low
USER_NVadHs92lj,797606,Memes,63,20,8058,2722,888,48.74063031,Low
USER_PwuTEdyKuU,350605,Static Image,485,29,9665,1083,1814,94.53716496,Medium
USER_vHRTytuEIJ,912606,Carousel,628,22,2606,4101,170,5.723669352,High
USER_9kY2SOW4KR,889465,Static Image,703,8,7846,406,133,93.09986197,Low
USER_SaK1rYAYpb,533636,Memes,574,21,8643,3076,964,5.050739238,Medium
USER_TDu4UKCs8R,941218,Memes,768,19,6432,985,1450,54.73047441,Medium
USER_7iguLORdeu,38102,Carousel,483,6,3765,3603,1048,89.0440948,High
USER_CvkVVbUW77,74460,Static Image,519,20,2438,4485,1553,26.27209436,Low
USER_z3ucxIetEm,364778,Memes,155,25,9741,709,1213,47.22484989,Medium
USER_bEHb3c0esh,89930,Reel,92,29,6358,2618,1164,32.43288791,High
USER_Tkekh2cDjl,531089,Text,982,19,8319,4849,1578,95.21439171,Medium
USER_a63XK16dOR,627438,Text,526,4,5941,1411,1869,82.36455948,Low
USER_FH6ujBIdzz,727627,Text,455,23,7644,4621,1819,70.90015113,High
USER_QkZQhYj9nX,179208,Static Image,741,7,4855,1485,657,58.76269866,Medium
USER_iC40n2xfIg,154697,Carousel,598,28,6547,2950,1338,82.05917893,High
USER_iB6aT0StSk,213945,Memes,645,28,7196,4651,1467,39.22670415,Low
USER_I1obGdbr1F,231915,Reel,510,4,5911,2934,1342,44.75518551,High
USER_NU6ivS5Td6,727952,Reel,183,22,6481,4114,1464,73.00017211,Low
USER_jivMACIKqh,208124,Static Image,386,12,2761,4670,1115,35.77547633,Medium
USER_khH4AvRAdP,437477,Text,574,13,4456,1003,178,6.390094205,Low
USER_9eHA9d0dHY,525830,Static Image,731,3,9607,2466,1079,7.433460889,Medium
USER_qp0PSScdt9,283821,Carousel,405,22,6361,2466,1178,11.53628013,Medium
USER_hU4JMmCphx,177804,Carousel,246,12,5693,1938,1695,86.96813233,Low
USER_oPIns5uOHl,705703,Memes,742,2,5788,1939,110,47.22264258,Medium
USER_AnZa8e7QSz,39081,Memes,591,24,201,1635,136,71.28823693,High
USER_ncqrIHNg8y,718216,Carousel,661,2,6160,1698,231,39.29093356,Medium
USER_JXUWbOvijX,355249,Carousel,650,27,517,4527,991,25.87109474,Low
USER_AymVNwYcep,219930,Carousel,471,23,7737,2091,467,34.71921676,High
USER_TnccNzkCsa,805497,Static Image,826,9,9533,1895,731,79.41823453,High
USER_TRWkMCl0KR,517313,Carousel,888,1,1988,4240,480,62.5216125,Medium
USER_kbEMBqkAGz,214532,Reel,423,8,3802,3398,1091,93.763978,Medium
USER_ADTbRPF3gq,612380,Text,901,23,5808,1073,813,67.97047786,Low
USER_hrsAFZYVlO,519332,Carousel,65,6,7162,2402,1272,57.01816318,High
USER_b1I4j3nhW2,316837,Text,13,6,6241,4895,993,61.0196009,Low
USER_pCzQTvxpte,289106,Static Image,213,22,8399,3212,322,94.23714395,Medium
USER_L0tiMHtQQe,28295,Text,986,25,5633,4037,921,78.82009299,High
USER_aWuoLzOrAG,13807,Static Image,242,18,5755,1151,903,2.404123737,Low
USER_wMtiKBJW29,435564,Reel,493,17,6309,2445,1541,53.41396961,Low
USER_lueAj0qpEe,157504,Static Image,213,29,4117,1956,1999,68.83384115,Low
USER_KTP4pux09v,238067,Static Image,693,12,8345,4558,1815,74.86984784,Low
USER_ARbVGPDW43,485008,Memes,338,6,1518,3907,1455,21.31421193,Low
USER_m1Vh6RLbFA,975358,Carousel,997,26,6163,807,1510,86.71773545,High
USER_m07VCXfNWF,957766,Carousel,173,27,2600,186,605,95.58431472,Low
USER_BnGcjpqYqH,692440,Reel,672,8,2195,4827,428,23.67153058,High
USER_aACwoL8eez,394540,Reel,164,19,3554,4524,1292,88.26154575,Low
USER_VbcKsfsV9s,877699,Carousel,465,28,2849,1307,1732,9.697876252,Medium
USER_Ox0I86BqA7,517923,Memes,995,10,1742,2284,1560,5.570683612,Medium
USER_dQ1mP0MB95,166981,Carousel,497,1,1306,4866,147,12.92238001,Low
USER_GwOy7tzAcf,744699,Memes,700,25,3849,757,1141,5.774107947,Medium
USER_OCyZrnXiIX,19870,Reel,395,29,7519,4231,849,84.50122372,High
USER_BYWKW77Hcc,952082,Text,703,13,4195,4887,366,5.905014446,Low
USER_ymdC7t8XU4,203196,Reel,917,17,5178,3854,849,27.16641914,High
USER_zH7c8qlANl,248683,Reel,308,3,2555,4266,1089,10.37563435,Low
USER_61nb9AM56g,234677,Static Image,768,8,2305,2206,1993,29.54220363,Medium
USER_m26J4GCU6f,26790,Static Image,183,14,7619,3558,812,9.05594676,High
USER_ILf7DSYjvN,643162,Static Image,629,3,9280,1580,1393,66.80032507,Medium
USER_3WJRWaFvv6,811721,Static Image,794,16,2642,961,174,13.33268163,Medium
USER_8HBnCUqERN,448345,Memes,510,13,9369,3847,1854,85.18459258,Low
USER_Jb57L9keF9,749074,Carousel,708,20,6409,3575,587,81.71910507,High
USER_4SMvqrnW0r,487462,Text,546,24,4757,875,494,1.366168547,Medium
USER_ugrQXdiBa3,539773,Reel,564,17,2994,2418,972,89.57263555,Low
USER_HNwgesyIUO,830914,Memes,624,13,8751,4198,1137,2.894431674,Low
USER_xTIIchEtZD,86188,Text,764,29,1271,1001,1134,23.9645785,Low
USER_Nex6442LMz,529036,Memes,594,6,1813,3384,1784,3.238913778,Medium
USER_hkrx87AC7D,742129,Memes,744,17,8801,4066,1462,33.5843487,Low
USER_z7OjcRAVZO,664795,Reel,227,14,2461,2845,1738,51.38665257,High
USER_NfppnrOlkZ,790141,Carousel,745,17,4120,1481,1170,79.6644869,High
USER_VTkumbeSX3,648249,Static Image,733,30,6124,3301,34,33.79815505,Medium
USER_jZx7OITLd8,30355,Carousel,436,8,8475,657,998,70.54900247,High
USER_SbCdgG8j3C,711131,Reel,925,11,4396,2780,1332,18.75044571,Low
USER_fHt3ccOvue,451015,Reel,422,20,9283,422,537,75.05984567,Medium
USER_AAGlIbESGe,406332,Reel,554,28,816,3681,749,23.59966059,Low
USER_L8pRFMMuii,156542,Text,21,1,7304,4266,1037,14.35447559,Medium
USER_ozJbnhDsVV,173416,Carousel,554,26,7331,2710,373,18.54088504,Medium
USER_eJHLajqjLR,305062,Carousel,397,7,82,452,556,18.20631289,Low
USER_jTZ7p16JbG,838656,Memes,625,21,1920,2397,1451,51.28628794,High
USER_Dw8kRAXGdc,563586,Memes,105,21,7817,1975,1751,84.47975812,High
USER_7pk4nHXKgI,501708,Memes,192,17,2093,1657,232,7.960507699,Medium
USER_f5d6fADsJs,866651,Reel,17,30,7071,2541,704,70.69563185,Low
USER_2KtO5NEQLX,61629,Carousel,120,10,7967,3075,562,65.43464597,Low
USER_NpUt64VETj,328184,Reel,393,11,8367,3164,938,87.25199518,Medium
USER_o62Qq7odam,492734,Text,425,22,5285,2966,886,24.41475605,High
USER_ewmnvio9P2,755195,Memes,129,30,4937,2053,725,45.01098587,Low
USER_t2oWc0PBZE,290160,Reel,130,9,369,287,1686,92.58273744,High
USER_AyACI4kxtl,548248,Reel,572,9,1818,3217,1463,65.99934501,High
USER_ZQSkPCdWHj,820023,Text,560,24,2101,3854,1525,38.87684129,Medium
USER_AF7VbOjvvF,213920,Static Image,29,5,3490,1447,1298,13.14123829,Medium
USER_lkTkmZ1LRy,889765,Carousel,97,17,1779,607,1873,26.24850079,High
USER_iEVXHvW6DO,242804,Static Image,10,9,7674,4552,75,58.12154775,Low
USER_Y6B8G2px5D,376965,Memes,242,17,1364,1764,438,71.81679476,Low
USER_3RRRqBAvxj,460857,Reel,826,24,7294,1225,1755,12.44218869,Medium
USER_0qKTnCmNL1,822827,Text,956,21,3676,1235,1883,59.959726,High
USER_6eOtFmABxl,504492,Text,232,19,2426,1029,1979,55.03512788,Low
USER_d4y9PUX80E,653983,Carousel,789,27,8264,2671,698,51.39554467,Low
USER_3JU19unldX,415916,Static Image,284,7,8089,3962,1312,69.01231177,Medium
USER_lKIAKru4jW,821052,Carousel,715,23,2962,4542,914,83.74495951,High
USER_mWbvNbcrJw,758574,Reel,759,9,859,4930,1563,32.29896832,Low
USER_DxNNA6Kdix,128148,Carousel,802,7,4138,3177,890,88.90121901,Medium
USER_Ihk9anvSF2,806991,Text,776,13,2424,3722,691,16.06336126,Low
USER_g7Qpid09DY,486261,Text,955,11,9256,4906,252,17.30238698,Low
USER_yZ4At9qogF,355540,Memes,726,14,4017,1475,1149,26.67720636,Low
USER_PU9HcBTF4m,192714,Memes,200,19,8560,2896,1200,11.95308695,Medium
USER_NVXueB6api,731899,Reel,945,11,8342,808,1060,23.03192247,High
USER_OG1Yn7iJG8,283876,Static Image,79,13,1134,978,409,10.64117629,Medium
USER_FCqwVgcoqr,259747,Carousel,913,14,5166,2463,1634,82.1752417,High
USER_Ov7NtWPMbL,615650,Reel,956,13,5119,725,1633,13.89689919,Low
USER_Nexhm3AXoy,423570,Memes,855,1,5694,2501,126,74.72975576,High
USER_51zKzCSXzU,275987,Carousel,856,8,6136,3362,1506,4.791386791,Low
USER_b1eRADGHSv,638353,Memes,173,12,5485,1216,1191,94.85203275,Low
USER_436bpRV9Hx,858158,Carousel,467,19,4164,4051,591,71.11600875,Medium
USER_GrdWjFQTf0,17640,Static Image,581,12,2346,2197,293,0.679654859,Low
USER_w0nCdEcG1t,52528,Reel,416,8,5039,2806,1868,76.38565002,Medium
USER_P8Xmp5PDgo,824845,Carousel,940,8,4897,778,1661,51.40819208,High
USER_PlIlgMsirD,259214,Text,449,29,8252,972,1366,77.93651703,High
USER_AcNjswNDg1,839070,Text,87,21,5041,2810,1019,52.24968089,Low
USER_Lhw5ibuX7K,970240,Carousel,101,13,3901,2123,309,64.10248576,Medium
USER_MkYOSqX923,501108,Carousel,8,12,1337,598,661,78.63316554,Low
USER_uyV1RSOypj,634421,Carousel,845,29,1184,3341,527,40.51080546,Medium
USER_JptCpJ0WwE,368501,Text,200,16,4426,224,539,0.270814982,Medium
USER_Sld5dRpE4z,724226,Text,505,1,1551,840,418,84.99464959,Medium
USER_CuPJaqXPZ5,150159,Carousel,87,13,1629,1814,443,38.08903626,High
USER_wVZC0Hr6CD,172502,Memes,43,26,9519,4809,684,49.6042726,Medium
USER_l9xrLgmHMt,155576,Memes,385,7,1526,1106,1581,0.776664215,High
USER_m9ynHxKFr3,924618,Static Image,621,28,9865,124,839,49.20920104,Medium
USER_0kkhbJpCgL,865291,Reel,435,26,1361,3246,235,98.64874016,High
USER_3awCISn0LU,886089,Memes,408,5,9765,2931,1462,27.82676608,High
USER_2V0QkqATLQ,928479,Text,483,8,4370,4125,213,39.54182702,High
USER_RKt5wBYsAc,11023,Memes,664,25,5283,2971,84,68.71899965,Low
USER_6gyBF0uQm0,545735,Static Image,17,27,7610,2017,793,81.47936675,Medium
USER_f5fk1M375c,388043,Static Image,645,14,1993,2415,1767,41.7391624,Low
USER_o76osvDGGt,286103,Reel,148,23,869,4590,84,30.96688704,Medium
USER_3pNXMyHrrw,66203,Memes,277,30,1014,3096,1944,93.78258,Medium
USER_qkN8e4mGp0,905588,Text,232,13,602,1609,1512,67.71449667,Low
USER_Q3b45mVOGy,160775,Text,826,15,690,717,64,11.90213045,High
USER_vTxFtV0Nqf,9337,Carousel,927,23,8685,3561,1669,6.892787813,Medium
USER_GBTtVuoY2y,570715,Text,366,17,489,1016,662,48.35498508,High
USER_wxKhqD5RTt,514723,Reel,228,15,6864,3565,626,22.0090066,Low
USER_TOrJ95pf1j,323673,Reel,651,20,7240,4701,63,25.39847534,High
USER_WJepBnfGsf,364167,Text,436,18,7786,4470,1366,87.76921788,Medium
USER_h8wTg4BmQu,346809,Text,399,18,8024,1960,938,8.956602432,Medium
USER_qxGbfjenwB,630075,Carousel,211,2,294,1048,1898,71.53641152,Medium
USER_ZKC0IkcyJv,687281,Text,391,4,5488,1357,918,27.11422534,Low
USER_loZE5NXjS4,295451,Carousel,499,30,4027,3426,1375,76.03282214,Medium
USER_NmaV1UEU4V,420571,Carousel,540,1,2912,115,1181,72.24113845,Low
USER_zHfTETCFr1,127016,Text,563,4,9909,2095,1612,0.739190144,High
USER_WnsRdIr6M0,791267,Static Image,491,18,4744,1801,490,50.91354129,Medium
USER_neGNn5eJSl,544447,Static Image,442,5,1873,2146,1681,13.93194824,Medium
USER_8q9yjx94h6,497562,Carousel,261,19,3258,1620,1878,86.62270306,Medium
USER_CjBwqcPcDx,702965,Text,773,15,2817,4780,1486,87.15858829,High
USER_tIoWBUXIx5,383934,Static Image,350,28,8636,2950,1248,41.83458075,Medium
USER_2dxfctjQ3W,892048,Text,352,8,3641,3792,1940,44.43956185,Low
USER_KEKqYBsfpb,955592,Text,520,20,4458,2941,312,30.32829394,High
USER_qmyLRXHxqG,865184,Text,320,17,5307,4905,614,71.6606299,High
USER_s9PCvDnRjq,317428,Memes,138,1,8933,977,918,35.8661363,High
USER_snWy2QD4Hj,319187,Text,550,12,2041,3066,1882,26.77924745,High
USER_W3x27i0Yum,690907,Memes,623,26,679,783,812,43.22310595,High
USER_v4LIpzeBSg,883439,Carousel,992,19,5738,240,939,9.148751839,Low
USER_6wNwl0VyVM,82844,Static Image,368,15,5668,1553,1489,74.66032046,High
USER_PE63yqGNhY,551820,Static Image,220,9,9550,4578,1111,1.259640127,Medium
USER_ffbPht4iMo,165421,Static Image,337,7,7697,1012,1906,64.44850615,High
USER_Pdsh80b43V,122402,Static Image,223,2,8033,186,1326,18.28645268,High
USER_rOybgxpBJ6,118012,Static Image,648,29,62,1881,679,23.24040462,High
USER_Kc1gp9oIVf,438661,Static Image,768,9,7829,4586,434,63.56319986,High
USER_bAg8m4xBiV,398929,Static Image,360,10,7352,430,681,99.29434658,High
USER_RSAqPfDMyC,580466,Carousel,921,2,6915,238,1158,77.77174891,Low
USER_MWUmAyZVV1,573695,Text,329,19,8326,2345,1073,22.58396322,Low
USER_dyXU24rkiq,463556,Reel,962,11,3644,75,1455,17.6024755,High
USER_v5Xd7TIZgb,575278,Memes,463,13,4970,1356,339,86.62328703,Low
USER_aJWdxqX1Dp,993176,Reel,946,10,8003,4922,346,44.41839479,Medium
USER_PPvDu6sENR,129473,Reel,963,14,3278,2330,645,13.70528028,High
USER_W6xjuMNssX,983049,Text,561,18,7296,4686,1370,86.22114233,Medium
USER_W2zN5CTtBl,478007,Text,804,19,9014,1902,648,81.60923529,Medium
USER_c6fsLa29OG,844573,Text,382,22,3074,4013,244,98.39063639,High
USER_aDgtby7z6r,417009,Static Image,836,9,8312,4670,108,90.97436867,Medium
USER_Ubxxbux7Jy,318714,Carousel,590,25,7552,4987,1848,85.17903387,Medium
USER_T1Z2IcWcca,226156,Static Image,617,7,1637,2059,1822,5.257439781,Medium
USER_eMoke5WL3a,168964,Carousel,169,28,5103,140,532,10.44153695,High
USER_vLaC15K8Te,525303,Carousel,217,3,9116,1789,1113,56.89831943,High
USER_4cRx1PQsZY,61813,Reel,378,20,644,3626,295,53.14792463,Medium
USER_bHV4GqhhYl,27712,Reel,119,6,2032,16,111,45.79632145,High
USER_x93lQ8PGCR,624785,Carousel,190,27,2761,4348,1836,39.67893254,High
USER_goWmqU7LmB,925919,Carousel,767,21,2068,464,1612,43.12104849,Medium
USER_Pyq1rWACUH,767214,Static Image,370,2,241,4471,1200,56.92979341,High
USER_t5a0BPg3Pn,112816,Static Image,778,29,2668,1827,342,0.20765176,Low
USER_Mn2bj8n7DR,128778,Reel,149,6,802,3028,1683,26.07087741,High
USER_erLbQ3aHeD,586580,Text,676,3,5059,519,100,51.82797207,Low
USER_qmtzvJr9ex,285977,Carousel,652,16,195,89,1781,72.22160987,Medium
USER_xZXMlSSLji,135230,Static Image,859,30,2187,4815,628,17.41566924,High
USER_1g2aB56q0U,718040,Reel,488,8,2330,2851,1627,54.68811738,Medium
USER_qTnIOIRIe4,806741,Static Image,770,2,4841,2843,1424,71.44596839,Medium
